-- phpMyAdmin SQL Dump
-- version 5.1.3
-- https://www.phpmyadmin.net/
--
-- Host: localhost
-- 생성 시간: 23-01-29 22:07
-- 서버 버전: 10.5.16-MariaDB
-- PHP 버전: 8.1.11

SET SQL_MODE = "NO_AUTO_VALUE_ON_ZERO";
START TRANSACTION;
SET time_zone = "+00:00";


/*!40101 SET @OLD_CHARACTER_SET_CLIENT=@@CHARACTER_SET_CLIENT */;
/*!40101 SET @OLD_CHARACTER_SET_RESULTS=@@CHARACTER_SET_RESULTS */;
/*!40101 SET @OLD_COLLATION_CONNECTION=@@COLLATION_CONNECTION */;
/*!40101 SET NAMES utf8mb4 */;

--
-- 데이터베이스: `team1`
--

-- --------------------------------------------------------

--
-- 테이블 구조 `drinks`
--

CREATE TABLE `drinks` (
  `id` bigint(20) UNSIGNED NOT NULL,
  `name` varchar(20) COLLATE utf8mb4_unicode_ci NOT NULL,
  `price` int(11) NOT NULL,
  `pic` text COLLATE utf8mb4_unicode_ci DEFAULT NULL,
  `created_at` timestamp NULL DEFAULT NULL,
  `updated_at` timestamp NULL DEFAULT NULL
) ENGINE=InnoDB DEFAULT CHARSET=utf8mb4 COLLATE=utf8mb4_unicode_ci;

--
-- 테이블의 덤프 데이터 `drinks`
--

INSERT INTO `drinks` (`id`, `name`, `price`, `pic`, `created_at`, `updated_at`) VALUES
(1, '콜라', 2000, NULL, '2022-12-07 02:41:20', '2022-12-07 02:41:20');

-- --------------------------------------------------------

--
-- 테이블 구조 `failed_jobs`
--

CREATE TABLE `failed_jobs` (
  `id` bigint(20) UNSIGNED NOT NULL,
  `uuid` varchar(255) COLLATE utf8mb4_unicode_ci NOT NULL,
  `connection` text COLLATE utf8mb4_unicode_ci NOT NULL,
  `queue` text COLLATE utf8mb4_unicode_ci NOT NULL,
  `payload` longtext COLLATE utf8mb4_unicode_ci NOT NULL,
  `exception` longtext COLLATE utf8mb4_unicode_ci NOT NULL,
  `failed_at` timestamp NOT NULL DEFAULT current_timestamp()
) ENGINE=InnoDB DEFAULT CHARSET=utf8mb4 COLLATE=utf8mb4_unicode_ci;

-- --------------------------------------------------------

--
-- 테이블 구조 `food`
--

CREATE TABLE `food` (
  `id` bigint(20) UNSIGNED NOT NULL,
  `name` varchar(20) COLLATE utf8mb4_unicode_ci NOT NULL,
  `subname` varchar(40) COLLATE utf8mb4_unicode_ci NOT NULL,
  `price` int(11) NOT NULL,
  `pic` text COLLATE utf8mb4_unicode_ci DEFAULT NULL,
  `created_at` timestamp NULL DEFAULT NULL,
  `updated_at` timestamp NULL DEFAULT NULL
) ENGINE=InnoDB DEFAULT CHARSET=utf8mb4 COLLATE=utf8mb4_unicode_ci;

--
-- 테이블의 덤프 데이터 `food`
--

INSERT INTO `food` (`id`, `name`, `subname`, `price`, `pic`, `created_at`, `updated_at`) VALUES
(6, '러브 콤보', '팝콘L 1개 + 콜라 2개', 12000, 'combo1.jpg', '2022-12-10 14:01:49', '2022-12-20 12:37:06'),
(7, '스몰 콤보', '팝콘M 1개 + 콜라 2개', 10000, 'combo6.jpg', '2022-12-10 14:09:56', '2022-12-20 12:39:09'),
(9, '더블 콤보', '팝콘M 2개 + 콜라 2개', 16000, 'combo8.jpg', '2022-12-10 14:11:39', '2022-12-20 12:41:49'),
(10, '반반 콤보', '팝콘L, M 1개 + 콜라 2개', 18000, 'combo7.jpg', '2022-12-10 14:11:48', '2022-12-20 12:40:38'),
(11, '라지 콤보', '팝콘L 2개 + 콜라 2개', 20000, 'combo9.jpg', '2022-12-10 14:12:09', '2022-12-20 12:41:54');

-- --------------------------------------------------------

--
-- 테이블 구조 `jangbuis`
--

CREATE TABLE `jangbuis` (
  `id` bigint(20) UNSIGNED NOT NULL,
  `purchase_date` date NOT NULL,
  `reserveds_id` int(11) NOT NULL,
  `food_id` int(11) DEFAULT NULL,
  `drinks_id` int(11) DEFAULT NULL,
  `total_price` int(11) NOT NULL,
  `created_at` timestamp NULL DEFAULT NULL,
  `updated_at` timestamp NULL DEFAULT NULL
) ENGINE=InnoDB DEFAULT CHARSET=utf8mb4 COLLATE=utf8mb4_unicode_ci;

--
-- 테이블의 덤프 데이터 `jangbuis`
--

INSERT INTO `jangbuis` (`id`, `purchase_date`, `reserveds_id`, `food_id`, `drinks_id`, `total_price`, `created_at`, `updated_at`) VALUES
(2, '2022-12-14', 18, 6, 1, 54000, '2022-12-13 20:39:10', '2022-12-13 20:39:10'),
(3, '2022-12-14', 19, NULL, NULL, 54000, '2022-12-14 01:27:40', '2022-12-14 01:27:40'),
(5, '2022-12-14', 22, NULL, NULL, 25000, '2022-12-14 01:37:46', '2022-12-14 01:37:46'),
(6, '2022-12-14', 23, NULL, NULL, 65000, '2022-12-14 01:54:48', '2022-12-14 01:54:48'),
(7, '2022-12-14', 24, NULL, NULL, 20000, '2022-12-14 03:42:49', '2022-12-14 03:42:49'),
(8, '2022-12-14', 25, NULL, NULL, 40000, '2022-12-14 03:56:41', '2022-12-14 03:56:41'),
(9, '2022-12-18', 26, NULL, NULL, 90000, '2022-12-17 16:07:04', '2022-12-17 16:07:04'),
(10, '2022-12-19', 27, NULL, NULL, 20000, '2022-12-19 14:16:17', '2022-12-19 14:16:17'),
(14, '2022-12-20', 31, NULL, NULL, 90000, '2022-12-20 12:43:04', '2022-12-20 12:43:04'),
(15, '2022-12-20', 32, NULL, NULL, 90000, '2022-12-20 13:28:21', '2022-12-20 13:28:21'),
(16, '2022-12-21', 33, NULL, NULL, 90000, '2022-12-20 15:18:28', '2022-12-20 15:18:28'),
(17, '2022-12-21', 34, NULL, NULL, 90000, '2022-12-20 15:31:13', '2022-12-20 15:31:13'),
(18, '2022-12-21', 35, NULL, NULL, 90000, '2022-12-20 16:13:19', '2022-12-20 16:13:19'),
(19, '2022-12-21', 36, NULL, NULL, 40000, '2022-12-20 18:09:54', '2022-12-20 18:09:54'),
(20, '2022-12-21', 37, NULL, NULL, 70000, '2022-12-20 18:34:33', '2022-12-20 18:34:33'),
(21, '2022-12-21', 38, NULL, NULL, 20000, '2022-12-20 18:35:16', '2022-12-20 18:35:16'),
(22, '2022-12-21', 39, NULL, NULL, 90000, '2022-12-21 03:06:33', '2022-12-21 03:06:33'),
(23, '2022-12-21', 40, NULL, NULL, 90000, '2022-12-21 03:25:47', '2022-12-21 03:25:47');

-- --------------------------------------------------------

--
-- 테이블 구조 `members`
--

CREATE TABLE `members` (
  `id` bigint(20) UNSIGNED NOT NULL,
  `name` varchar(20) COLLATE utf8mb4_unicode_ci NOT NULL,
  `uid` varchar(20) COLLATE utf8mb4_unicode_ci NOT NULL,
  `passwd` varchar(30) COLLATE utf8mb4_unicode_ci NOT NULL,
  `email` varchar(20) COLLATE utf8mb4_unicode_ci NOT NULL,
  `tel` varchar(11) COLLATE utf8mb4_unicode_ci DEFAULT NULL,
  `rank` int(11) DEFAULT 0,
  `birthday` date DEFAULT NULL,
  `juso` varchar(100) COLLATE utf8mb4_unicode_ci NOT NULL,
  `pic` varchar(255) COLLATE utf8mb4_unicode_ci DEFAULT NULL,
  `created_at` timestamp NULL DEFAULT NULL,
  `updated_at` timestamp NULL DEFAULT NULL
) ENGINE=InnoDB DEFAULT CHARSET=utf8mb4 COLLATE=utf8mb4_unicode_ci;

--
-- 테이블의 덤프 데이터 `members`
--

INSERT INTO `members` (`id`, `name`, `uid`, `passwd`, `email`, `tel`, `rank`, `birthday`, `juso`, `pic`, `created_at`, `updated_at`) VALUES
(2, '최동선', 'qwer1234', '12342', 'ghkdus5678@naver.com', '01012341234', 3, '2022-11-30', '서울 강남', '사진.PNG', '2022-11-30 07:16:50', '2022-11-30 07:16:50'),
(3, '최동선123', '123', '1231', '13123', '123312 3123', 3, '2022-11-30', '서울 강남', '사진.PNG', '2022-11-30 07:23:34', '2022-11-30 07:23:34'),
(4, '김수연', '1234', '1234', '1234', '12341231231', 0, '2022-12-07', '123123', NULL, '2022-12-07 06:13:45', '2022-12-07 06:13:45'),
(5, '1234', 'wdwdq', '1234', '123', '41212313123', 0, '2022-12-07', '123123', NULL, '2022-12-07 06:15:19', '2022-12-07 06:15:19'),
(6, '더블콤보', 'qwer1234', '1234', 'qwer@induk.ac.kr', '12312341234', 0, '2000-12-29', 'qwe', NULL, '2022-12-10 16:34:57', '2022-12-10 16:34:57'),
(7, '더블콤보2', 'qwer12345', 'qwer12345', 'qwer5@induk.ac.kr', '12312341234', 0, '2000-12-30', 'qwe', NULL, '2022-12-10 16:36:03', '2022-12-10 16:36:03'),
(8, 'dd', 'dd', 'dd', 'dd', 'dd', 0, NULL, 'dd', NULL, '2022-12-14 01:40:13', '2022-12-14 01:40:13'),
(9, '정건', 'root', 'cometrue', 'j90171819@gmail.com', '01050687149', 0, '2000-02-20', '청량리', NULL, '2022-12-14 01:54:00', '2022-12-14 01:54:00'),
(10, 'qwer', 'qwer', '1234', 'qwer2@induk.ac.kr', '12312341234', 0, '2000-12-12', 'qwe', NULL, '2022-12-17 16:06:27', '2022-12-17 16:06:27'),
(12, '김철수', 'asdfgh', 'asdfgh', 'asdfgh@email.com', '01011111111', 0, '2010-01-01', '서울 강남', NULL, '2022-12-20 12:42:58', '2022-12-20 12:42:58'),
(13, '홍유진', '1111', '1111', '1111@gmail.com', '1111', 0, '2002-09-05', '1111', NULL, '2022-12-20 13:24:21', '2022-12-20 13:24:21'),
(14, '관리자', 'admin', '1234', 'admin@induk.ac.kr', '01011111111', 0, '2000-01-01', '서울 강남', NULL, '2022-12-20 16:00:51', '2022-12-20 16:00:51');

-- --------------------------------------------------------

--
-- 테이블 구조 `migrations`
--

CREATE TABLE `migrations` (
  `id` int(10) UNSIGNED NOT NULL,
  `migration` varchar(255) COLLATE utf8mb4_unicode_ci NOT NULL,
  `batch` int(11) NOT NULL
) ENGINE=InnoDB DEFAULT CHARSET=utf8mb4 COLLATE=utf8mb4_unicode_ci;

--
-- 테이블의 덤프 데이터 `migrations`
--

INSERT INTO `migrations` (`id`, `migration`, `batch`) VALUES
(1, '2014_10_12_000000_create_users_table', 1),
(2, '2014_10_12_100000_create_password_resets_table', 1),
(3, '2019_08_19_000000_create_failed_jobs_table', 1),
(4, '2019_12_14_000001_create_personal_access_tokens_table', 1),
(5, '2022_11_30_140859_create_members_table', 2),
(6, '2022_11_30_141602_create_movies_table', 2),
(7, '2022_11_30_165210_create_reserves_table', 3),
(8, '2022_11_30_165905_create_theaters_table', 3),
(9, '2022_11_30_165913_create_rooms_table', 3),
(12, '2022_12_07_095635_create_food_table', 4),
(13, '2022_12_07_100009_create_drink_table', 4),
(14, '2022_12_07_104720_create_reserveds_table', 5),
(15, '2022_12_07_110620_create_food_table', 6),
(16, '2022_12_07_113021_create_drinks_table', 7),
(17, '2022_12_07_114447_create_jangbuis_table', 8),
(19, '2022_12_07_154721_create_playings_table', 9),
(21, '2022_12_07_170448_create_playing_times_table', 10);

-- --------------------------------------------------------

--
-- 테이블 구조 `movies`
--

CREATE TABLE `movies` (
  `id` bigint(20) UNSIGNED NOT NULL,
  `name` varchar(20) COLLATE utf8mb4_unicode_ci NOT NULL,
  `rating` int(11) NOT NULL,
  `director` varchar(20) COLLATE utf8mb4_unicode_ci NOT NULL,
  `playingtime` int(11) NOT NULL,
  `release_date` date NOT NULL,
  `publisher` varchar(20) COLLATE utf8mb4_unicode_ci NOT NULL,
  `video` text COLLATE utf8mb4_unicode_ci DEFAULT NULL,
  `pic1` text COLLATE utf8mb4_unicode_ci DEFAULT NULL,
  `pic2` text COLLATE utf8mb4_unicode_ci DEFAULT NULL,
  `pic3` text COLLATE utf8mb4_unicode_ci DEFAULT NULL,
  `description` text COLLATE utf8mb4_unicode_ci DEFAULT NULL,
  `created_at` timestamp NULL DEFAULT NULL,
  `updated_at` timestamp NULL DEFAULT NULL
) ENGINE=InnoDB DEFAULT CHARSET=utf8mb4 COLLATE=utf8mb4_unicode_ci;

--
-- 테이블의 덤프 데이터 `movies`
--

INSERT INTO `movies` (`id`, `name`, `rating`, `director`, `playingtime`, `release_date`, `publisher`, `video`, `pic1`, `pic2`, `pic3`, `description`, `created_at`, `updated_at`) VALUES
(3, '아바타: 물의 길', 12, '제임스 카메론', 161, '2022-12-14', '20세기 스튜디오', NULL, 'avatar_the_way_of_water.jpg', 'avatar_the_way_of_water1.jpg', 'avatar_the_way_of_water2.jpg', '《아바타: 물의 길》은 2022년 개봉한 미국의 SF 영화이다. 2009년 공개된 《아바타》의 속편으로, 유럽과 일본 등 동아시아 국가를 비롯한 전 세계 40여개 국에서 독점 계약을 체결하여, 전작과 마찬가지로 제임스 카메론이 감독을 맡았다.', '2022-12-07 02:13:50', '2022-12-14 03:34:35'),
(4, '영웅', 12, '윤제균', 120, '2022-12-07', 'CJ엔터테인먼트', NULL, 'poster02@3.jpg', NULL, NULL, NULL, '2022-12-07 06:08:01', '2022-12-20 16:08:06'),
(5, '원피스: 필름 레드', 15, '타니구치 고로', 115, '2022-12-07', '에스엠지홀딩스', NULL, 'poster05@3.jpg', NULL, NULL, NULL, '2022-12-11 15:05:41', '2022-12-20 17:21:35'),
(6, '장화신은 고양이', 12, '조엘 크로포드', 102, '2022-12-07', '쇼박스', NULL, 'poster06@3.jpg', NULL, NULL, NULL, '2022-12-11 15:09:40', '2022-12-20 17:23:44'),
(7, '젠틀맨', 15, '김경원', 123, '2022-12-07', '웨이브', NULL, 'gentleman_pos-main_1228.jpg', NULL, NULL, NULL, '2022-12-11 15:19:04', '2022-12-20 17:30:37'),
(8, '올빼미', 15, '안태진', 118, '2022-12-12', '넥스트엔터테인먼트월드', NULL, 'poster04@3.jpg', NULL, NULL, NULL, '2022-12-11 15:22:32', '2022-12-20 17:22:40'),
(9, '범죄도시 2', 15, '이상용', 106, '2022-12-12', '에이비오엔터테인먼트', NULL, 'poster03@3.jpg', NULL, NULL, NULL, '2022-12-11 15:24:11', '2022-12-20 17:29:17'),
(10, '탑건: 매버릭', 12, '조셉 코신스키', 130, '2022-12-12', '롯데엔터테인먼트', NULL, 'poster08@3.jpg', NULL, NULL, NULL, '2022-12-11 15:31:26', '2022-12-20 17:25:17'),
(11, '문라이트', 15, '배리 젠킨스', 111, '2022-12-12', 'CGV아트하우스', NULL, 'poster09@1.jpg', NULL, NULL, NULL, '2022-12-11 15:33:01', '2022-12-11 15:33:01'),
(12, '패닉 런', 12, '필립 노이스', 84, '2022-12-12', '주식회사 원더스튜디오', NULL, '메인 포스터.jpg', NULL, NULL, NULL, '2022-12-11 15:35:34', '2022-12-20 17:32:43'),
(13, '스트레인지 월드', 12, '돈 홀, 퀴 응우옌', 101, '2022-12-12', '넥스트엔터테인먼트월드', NULL, 'poster12@3.jpg', NULL, NULL, NULL, '2022-12-11 15:38:51', '2022-12-20 17:27:28'),
(14, '침묵', 15, '정지우', 125, '2022-12-12', 'CJ엔터테인먼트', NULL, 'poster11@1.jpg', NULL, NULL, NULL, '2022-12-11 15:40:08', '2022-12-11 15:40:08'),
(15, '슈퍼 마리오 브라더스', 12, '아론 호바스, 마이클 제레닉', 85, '2022-12-12', 'UPI 코리아', NULL, 'f5ee3ef1e8c04998a674c7708b74aee1.jpg', NULL, NULL, NULL, '2022-12-11 15:41:15', '2022-12-20 17:34:45');

-- --------------------------------------------------------

--
-- 테이블 구조 `password_resets`
--

CREATE TABLE `password_resets` (
  `email` varchar(255) COLLATE utf8mb4_unicode_ci NOT NULL,
  `token` varchar(255) COLLATE utf8mb4_unicode_ci NOT NULL,
  `created_at` timestamp NULL DEFAULT NULL
) ENGINE=InnoDB DEFAULT CHARSET=utf8mb4 COLLATE=utf8mb4_unicode_ci;

-- --------------------------------------------------------

--
-- 테이블 구조 `personal_access_tokens`
--

CREATE TABLE `personal_access_tokens` (
  `id` bigint(20) UNSIGNED NOT NULL,
  `tokenable_type` varchar(255) COLLATE utf8mb4_unicode_ci NOT NULL,
  `tokenable_id` bigint(20) UNSIGNED NOT NULL,
  `name` varchar(255) COLLATE utf8mb4_unicode_ci NOT NULL,
  `token` varchar(64) COLLATE utf8mb4_unicode_ci NOT NULL,
  `abilities` text COLLATE utf8mb4_unicode_ci DEFAULT NULL,
  `last_used_at` timestamp NULL DEFAULT NULL,
  `created_at` timestamp NULL DEFAULT NULL,
  `updated_at` timestamp NULL DEFAULT NULL
) ENGINE=InnoDB DEFAULT CHARSET=utf8mb4 COLLATE=utf8mb4_unicode_ci;

-- --------------------------------------------------------

--
-- 테이블 구조 `playings`
--

CREATE TABLE `playings` (
  `id` bigint(20) UNSIGNED NOT NULL,
  `movies_id` int(255) NOT NULL,
  `playing_date` date NOT NULL,
  `created_at` timestamp NULL DEFAULT NULL,
  `updated_at` timestamp NULL DEFAULT NULL
) ENGINE=InnoDB DEFAULT CHARSET=utf8mb4 COLLATE=utf8mb4_unicode_ci;

--
-- 테이블의 덤프 데이터 `playings`
--

INSERT INTO `playings` (`id`, `movies_id`, `playing_date`, `created_at`, `updated_at`) VALUES
(2, 3, '2022-12-07', '2022-12-07 08:22:15', '2022-12-07 08:22:24');

-- --------------------------------------------------------

--
-- 테이블 구조 `playing_times`
--

CREATE TABLE `playing_times` (
  `id` bigint(20) UNSIGNED NOT NULL,
  `movies_id` int(11) NOT NULL,
  `playing_time` varchar(255) COLLATE utf8mb4_unicode_ci NOT NULL,
  `created_at` timestamp NULL DEFAULT NULL,
  `updated_at` timestamp NULL DEFAULT NULL
) ENGINE=InnoDB DEFAULT CHARSET=utf8mb4 COLLATE=utf8mb4_unicode_ci;

--
-- 테이블의 덤프 데이터 `playing_times`
--

INSERT INTO `playing_times` (`id`, `movies_id`, `playing_time`, `created_at`, `updated_at`) VALUES
(1, 3, '14:00', '2022-12-07 08:19:25', '2022-12-07 08:19:31'),
(2, 3, '19:30', '2022-12-14 01:29:15', '2022-12-14 01:29:15'),
(3, 10, '13:30', '2022-12-14 01:36:39', '2022-12-14 01:36:39');

-- --------------------------------------------------------

--
-- 테이블 구조 `reserveds`
--

CREATE TABLE `reserveds` (
  `id` bigint(20) UNSIGNED NOT NULL,
  `members_uid` varchar(20) COLLATE utf8mb4_unicode_ci NOT NULL,
  `movies_id` int(11) DEFAULT NULL,
  `theaters_id` int(11) DEFAULT NULL,
  `rooms_id` int(11) DEFAULT NULL,
  `playings_id` int(11) NOT NULL,
  `dday` text COLLATE utf8mb4_unicode_ci DEFAULT NULL,
  `adult` int(11) NOT NULL,
  `teen` int(11) NOT NULL,
  `child` int(11) NOT NULL,
  `disabledperson` int(11) NOT NULL,
  `total` int(11) DEFAULT NULL,
  `seat` varchar(100) COLLATE utf8mb4_unicode_ci NOT NULL,
  `created_at` timestamp NULL DEFAULT NULL,
  `updated_at` timestamp NULL DEFAULT NULL
) ENGINE=InnoDB DEFAULT CHARSET=utf8mb4 COLLATE=utf8mb4_unicode_ci;

--
-- 테이블의 덤프 데이터 `reserveds`
--

INSERT INTO `reserveds` (`id`, `members_uid`, `movies_id`, `theaters_id`, `rooms_id`, `playings_id`, `dday`, `adult`, `teen`, `child`, `disabledperson`, `total`, `seat`, `created_at`, `updated_at`) VALUES
(11, 'wdwdq', 3, 1, 2, 2, '1', 2, 2, 2, 2, NULL, 'A1', '2022-12-08 04:58:46', '2022-12-08 04:58:46'),
(12, '1234', 3, 1, 2, 2, '1', 2, 2, 2, 1, 85000, 'A1', '2022-12-08 05:06:11', '2022-12-08 05:06:11'),
(14, 'qwer1234', 3, 1, 2, 2, '1', 2, 2, 2, 2, 90000, 'A1', '2022-12-08 05:10:07', '2022-12-08 05:10:07'),
(24, '1234', 3, 1, 3, 2, '1', 1, 0, 0, 0, 20000, 'L9', '2022-12-14 03:42:49', '2022-12-14 03:42:49'),
(25, 'qwer1234', 3, 1, 3, 2, '1', 2, 0, 0, 0, 40000, 'M8 N6 N7', '2022-12-14 03:56:41', '2022-12-14 03:56:41'),
(26, 'qwer', 3, 1, 3, 2, '2', 2, 0, 0, 0, 90000, 'F4 J14', '2022-12-17 16:07:04', '2022-12-17 16:07:04'),
(27, '1234', 3, 1, 3, 2, '1', 1, 0, 0, 0, 20000, 'J6', '2022-12-19 14:16:17', '2022-12-19 14:16:17'),
(31, 'qwer1234', 3, 1, 3, 2, '1', 2, 2, 2, 2, 90000, 'M1 M3', '2022-12-20 12:43:04', '2022-12-20 12:43:04'),
(32, 'qwer1234', 3, 1, 3, 2, '1', 2, 2, 2, 2, 90000, 'D8 F11 I6 J12 M9 N12', '2022-12-20 13:28:21', '2022-12-20 13:28:21'),
(33, 'qwer1234', 3, 1, 3, 2, '1', 2, 2, 2, 2, 90000, 'C6 M10 N6 O10 Q3 Q15 R1', '2022-12-20 15:18:28', '2022-12-20 15:18:28'),
(34, 'qwer1234', 3, 1, 3, 2, '1', 2, 2, 2, 2, 90000, 'H3 I9 L12 M3 O14 P2 R1 R16', '2022-12-20 15:31:13', '2022-12-20 15:31:13'),
(35, 'admin', 3, 1, 6, 2, '1', 2, 2, 2, 2, 90000, 'A6 D15 F6 I15 M5 N13 R8 R16', '2022-12-20 16:13:19', '2022-12-20 16:15:43'),
(36, 'admin', 3, 1, 3, 2, '2', 2, 0, 0, 0, 40000, 'M14', '2022-12-20 18:09:54', '2022-12-20 18:09:54'),
(37, 'admin', 3, 1, 3, 2, '2', 2, 2, 0, 0, 70000, 'F10 L7 L16 O7', '2022-12-20 18:34:33', '2022-12-20 18:34:33'),
(38, 'admin', 3, 1, 3, 2, '1', 1, 0, 0, 0, 20000, 'A6', '2022-12-20 18:35:16', '2022-12-20 18:35:16'),
(39, 'admin', 3, 1, 3, 2, '1', 2, 2, 2, 2, 90000, 'P13', '2022-12-21 03:06:33', '2022-12-21 03:06:33'),
(40, 'admin', 3, 1, 3, 2, '1', 2, 2, 2, 2, 90000, 'B5 D14 G18 H5 N5 N13 R7 R15', '2022-12-21 03:25:47', '2022-12-21 03:25:47');

-- --------------------------------------------------------

--
-- 테이블 구조 `rooms`
--

CREATE TABLE `rooms` (
  `id` bigint(20) UNSIGNED NOT NULL,
  `name` varchar(10) COLLATE utf8mb4_unicode_ci NOT NULL,
  `created_at` timestamp NULL DEFAULT NULL,
  `updated_at` timestamp NULL DEFAULT NULL
) ENGINE=InnoDB DEFAULT CHARSET=utf8mb4 COLLATE=utf8mb4_unicode_ci;

--
-- 테이블의 덤프 데이터 `rooms`
--

INSERT INTO `rooms` (`id`, `name`, `created_at`, `updated_at`) VALUES
(2, 'A1', '2022-11-30 13:03:08', '2022-11-30 13:03:08'),
(3, 'A2', '2022-12-10 04:33:42', '2022-12-10 04:34:14'),
(4, 'A3', '2022-12-10 04:33:51', '2022-12-10 04:34:17'),
(5, 'A4', '2022-12-10 04:33:55', '2022-12-10 04:34:20'),
(6, 'A5', '2022-12-10 04:33:58', '2022-12-10 04:34:22'),
(7, 'A6', '2022-12-10 04:34:01', '2022-12-10 04:34:25'),
(8, 'A7', '2022-12-10 04:34:04', '2022-12-10 04:34:27'),
(9, 'A8', '2022-12-10 04:43:05', '2022-12-10 04:43:09'),
(10, 'A9', '2022-12-10 04:43:11', '2022-12-10 04:43:14'),
(11, 'A10', '2022-12-10 04:41:06', '2022-12-10 04:41:06'),
(12, 'A11', '2022-12-10 04:41:42', '2022-12-10 04:41:42'),
(13, 'A12', '2022-12-10 04:41:42', '2022-12-10 04:41:42'),
(14, 'A13', '2022-12-10 04:41:42', '2022-12-10 04:41:42'),
(15, 'A14', '2022-12-10 04:41:42', '2022-12-10 04:41:42'),
(16, 'A15', '2022-12-10 04:41:42', '2022-12-10 04:41:42'),
(17, 'A16', '2022-12-10 04:41:42', '2022-12-10 04:41:42'),
(18, 'A17', '2022-12-10 04:41:42', '2022-12-10 04:41:42'),
(19, 'A18', '2022-12-10 04:41:42', '2022-12-10 04:41:42'),
(20, 'B1', '2022-12-10 04:43:29', '2022-12-10 04:43:29'),
(21, 'B2', '2022-12-10 04:43:29', '2022-12-10 04:43:29'),
(22, 'B3', '2022-12-10 04:43:29', '2022-12-10 04:43:29'),
(23, 'B4', '2022-12-10 04:43:29', '2022-12-10 04:43:29'),
(24, 'B5', '2022-12-10 04:43:29', '2022-12-10 04:43:29'),
(25, 'B6', '2022-12-10 04:43:29', '2022-12-10 04:43:29'),
(26, 'B7', '2022-12-10 04:43:29', '2022-12-10 04:43:29'),
(27, 'B8', '2022-12-10 04:43:29', '2022-12-10 04:43:29'),
(28, 'B9', '2022-12-10 04:43:29', '2022-12-10 04:43:29'),
(29, 'B10', '2022-12-10 04:43:29', '2022-12-10 04:43:29'),
(30, 'B11', '2022-12-10 04:43:29', '2022-12-10 04:43:29'),
(31, 'B12', '2022-12-10 04:43:29', '2022-12-10 04:43:29'),
(32, 'B13', '2022-12-10 04:43:29', '2022-12-10 04:43:29'),
(33, 'B14', '2022-12-10 04:43:29', '2022-12-10 04:43:29'),
(34, 'B15', '2022-12-10 04:43:29', '2022-12-10 04:43:29'),
(35, 'B16', '2022-12-10 04:43:29', '2022-12-10 04:43:29'),
(36, 'B17', '2022-12-10 04:43:29', '2022-12-10 04:43:29'),
(37, 'B18', '2022-12-10 04:43:29', '2022-12-10 04:43:29'),
(38, 'C1', '2022-12-10 04:43:48', '2022-12-10 04:43:48'),
(39, 'C2', '2022-12-10 04:43:48', '2022-12-10 04:43:48'),
(40, 'C3', '2022-12-10 04:43:48', '2022-12-10 04:43:48'),
(41, 'C4', '2022-12-10 04:43:48', '2022-12-10 04:43:48'),
(42, 'C5', '2022-12-10 04:43:48', '2022-12-10 04:43:48'),
(43, 'C6', '2022-12-10 04:43:48', '2022-12-10 04:43:48'),
(44, 'C7', '2022-12-10 04:43:48', '2022-12-10 04:43:48'),
(45, 'C8', '2022-12-10 04:43:48', '2022-12-10 04:43:48'),
(46, 'C9', '2022-12-10 04:43:48', '2022-12-10 04:43:48'),
(47, 'C10', '2022-12-10 04:43:48', '2022-12-10 04:43:48'),
(48, 'C11', '2022-12-10 04:43:48', '2022-12-10 04:43:48'),
(49, 'C12', '2022-12-10 04:43:48', '2022-12-10 04:43:48'),
(50, 'C13', '2022-12-10 04:43:48', '2022-12-10 04:43:48'),
(51, 'C14', '2022-12-10 04:43:48', '2022-12-10 04:43:48'),
(52, 'C15', '2022-12-10 04:43:48', '2022-12-10 04:43:48'),
(53, 'C16', '2022-12-10 04:43:48', '2022-12-10 04:43:48'),
(54, 'C17', '2022-12-10 04:43:48', '2022-12-10 04:43:48'),
(55, 'C18', '2022-12-10 04:43:48', '2022-12-10 04:43:48'),
(56, 'D1', '2022-12-10 04:44:05', '2022-12-10 04:44:05'),
(57, 'D2', '2022-12-10 04:44:05', '2022-12-10 04:44:05'),
(58, 'D3', '2022-12-10 04:44:05', '2022-12-10 04:44:05'),
(59, 'D4', '2022-12-10 04:44:05', '2022-12-10 04:44:05'),
(60, 'D5', '2022-12-10 04:44:05', '2022-12-10 04:44:05'),
(61, 'D6', '2022-12-10 04:44:05', '2022-12-10 04:44:05'),
(62, 'D7', '2022-12-10 04:44:05', '2022-12-10 04:44:05'),
(63, 'D8', '2022-12-10 04:44:05', '2022-12-10 04:44:05'),
(64, 'D9', '2022-12-10 04:44:05', '2022-12-10 04:44:05'),
(65, 'D10', '2022-12-10 04:44:05', '2022-12-10 04:44:05'),
(66, 'D11', '2022-12-10 04:44:05', '2022-12-10 04:44:05'),
(67, 'D12', '2022-12-10 04:44:05', '2022-12-10 04:44:05'),
(68, 'D13', '2022-12-10 04:44:05', '2022-12-10 04:44:05'),
(69, 'D14', '2022-12-10 04:44:05', '2022-12-10 04:44:05'),
(70, 'D15', '2022-12-10 04:44:05', '2022-12-10 04:44:05'),
(71, 'D16', '2022-12-10 04:44:05', '2022-12-10 04:44:05'),
(72, 'D17', '2022-12-10 04:44:05', '2022-12-10 04:44:05'),
(73, 'D18', '2022-12-10 04:44:05', '2022-12-10 04:44:05'),
(74, 'E1', '2022-12-10 04:44:55', '2022-12-10 04:44:55'),
(75, 'E2', '2022-12-10 04:44:55', '2022-12-10 04:44:55'),
(76, 'E3', '2022-12-10 04:44:55', '2022-12-10 04:44:55'),
(77, 'E4', '2022-12-10 04:44:55', '2022-12-10 04:44:55'),
(78, 'E5', '2022-12-10 04:44:55', '2022-12-10 04:44:55'),
(79, 'E6', '2022-12-10 04:44:55', '2022-12-10 04:44:55'),
(80, 'E7', '2022-12-10 04:44:55', '2022-12-10 04:44:55'),
(81, 'E8', '2022-12-10 04:44:55', '2022-12-10 04:44:55'),
(82, 'E9', '2022-12-10 04:44:55', '2022-12-10 04:44:55'),
(83, 'E10', '2022-12-10 04:44:55', '2022-12-10 04:44:55'),
(84, 'E11', '2022-12-10 04:44:55', '2022-12-10 04:44:55'),
(85, 'E12', '2022-12-10 04:44:55', '2022-12-10 04:44:55'),
(86, 'E13', '2022-12-10 04:44:55', '2022-12-10 04:44:55'),
(87, 'E14', '2022-12-10 04:44:55', '2022-12-10 04:44:55'),
(88, 'E15', '2022-12-10 04:44:55', '2022-12-10 04:44:55'),
(89, 'E16', '2022-12-10 04:44:55', '2022-12-10 04:44:55'),
(90, 'E17', '2022-12-10 04:44:55', '2022-12-10 04:44:55'),
(91, 'E18', '2022-12-10 04:44:55', '2022-12-10 04:44:55'),
(92, 'F1', '2022-12-10 04:45:30', '2022-12-10 04:45:30'),
(93, 'F2', '2022-12-10 04:45:30', '2022-12-10 04:45:30'),
(94, 'F3', '2022-12-10 04:45:30', '2022-12-10 04:45:30'),
(95, 'F4', '2022-12-10 04:45:30', '2022-12-10 04:45:30'),
(96, 'F5', '2022-12-10 04:45:30', '2022-12-10 04:45:30'),
(97, 'F6', '2022-12-10 04:45:30', '2022-12-10 04:45:30'),
(98, 'F7', '2022-12-10 04:45:30', '2022-12-10 04:45:30'),
(99, 'F8', '2022-12-10 04:45:30', '2022-12-10 04:45:30'),
(100, 'F9', '2022-12-10 04:45:30', '2022-12-10 04:45:30'),
(101, 'F10', '2022-12-10 04:45:30', '2022-12-10 04:45:30'),
(102, 'F11', '2022-12-10 04:45:30', '2022-12-10 04:45:30'),
(103, 'F12', '2022-12-10 04:45:30', '2022-12-10 04:45:30'),
(104, 'F13', '2022-12-10 04:45:30', '2022-12-10 04:45:30'),
(105, 'F14', '2022-12-10 04:45:30', '2022-12-10 04:45:30'),
(106, 'F15', '2022-12-10 04:45:30', '2022-12-10 04:45:30'),
(107, 'F16', '2022-12-10 04:45:30', '2022-12-10 04:45:30'),
(108, 'F17', '2022-12-10 04:45:30', '2022-12-10 04:45:30'),
(109, 'F18', '2022-12-10 04:45:30', '2022-12-10 04:45:30'),
(110, 'G1', '2022-12-10 04:45:58', '2022-12-10 04:45:58'),
(111, 'G2', '2022-12-10 04:45:58', '2022-12-10 04:45:58'),
(112, 'G3', '2022-12-10 04:45:58', '2022-12-10 04:45:58'),
(113, 'G4', '2022-12-10 04:45:58', '2022-12-10 04:45:58'),
(114, 'G5', '2022-12-10 04:45:58', '2022-12-10 04:45:58'),
(115, 'G6', '2022-12-10 04:45:58', '2022-12-10 04:45:58'),
(116, 'G7', '2022-12-10 04:45:58', '2022-12-10 04:45:58'),
(117, 'G8', '2022-12-10 04:45:58', '2022-12-10 04:45:58'),
(118, 'G9', '2022-12-10 04:45:58', '2022-12-10 04:45:58'),
(119, 'G10', '2022-12-10 04:45:58', '2022-12-10 04:45:58'),
(120, 'G11', '2022-12-10 04:45:58', '2022-12-10 04:45:58'),
(121, 'G12', '2022-12-10 04:45:58', '2022-12-10 04:45:58'),
(122, 'G13', '2022-12-10 04:45:58', '2022-12-10 04:45:58'),
(123, 'G14', '2022-12-10 04:45:58', '2022-12-10 04:45:58'),
(124, 'G15', '2022-12-10 04:45:58', '2022-12-10 04:45:58'),
(125, 'G16', '2022-12-10 04:45:58', '2022-12-10 04:45:58'),
(126, 'G17', '2022-12-10 04:45:58', '2022-12-10 04:45:58'),
(127, 'G18', '2022-12-10 04:45:58', '2022-12-10 04:45:58'),
(128, 'H1', '2022-12-10 04:54:55', '2022-12-10 04:54:55'),
(129, 'H2', '2022-12-10 04:54:55', '2022-12-10 04:54:55'),
(130, 'H3', '2022-12-10 04:54:55', '2022-12-10 04:54:55'),
(131, 'H4', '2022-12-10 04:54:55', '2022-12-10 04:54:55'),
(132, 'H5', '2022-12-10 04:54:55', '2022-12-10 04:54:55'),
(133, 'H6', '2022-12-10 04:54:55', '2022-12-10 04:54:55'),
(134, 'H7', '2022-12-10 04:54:55', '2022-12-10 04:54:55'),
(135, 'H8', '2022-12-10 04:54:55', '2022-12-10 04:54:55'),
(136, 'H9', '2022-12-10 04:54:55', '2022-12-10 04:54:55'),
(137, 'H10', '2022-12-10 04:54:55', '2022-12-10 04:54:55'),
(138, 'H11', '2022-12-10 04:54:55', '2022-12-10 04:54:55'),
(139, 'H12', '2022-12-10 04:54:55', '2022-12-10 04:54:55'),
(140, 'H13', '2022-12-10 04:54:55', '2022-12-10 04:54:55'),
(141, 'H14', '2022-12-10 04:54:55', '2022-12-10 04:54:55'),
(142, 'H15', '2022-12-10 04:54:55', '2022-12-10 04:54:55'),
(143, 'H16', '2022-12-10 04:54:55', '2022-12-10 04:54:55'),
(144, 'H17', '2022-12-10 04:54:55', '2022-12-10 04:54:55'),
(145, 'H18', '2022-12-10 04:54:55', '2022-12-10 04:54:55'),
(146, 'I1', '2022-12-10 04:55:12', '2022-12-10 04:55:12'),
(147, 'I2', '2022-12-10 04:55:12', '2022-12-10 04:55:12'),
(148, 'I3', '2022-12-10 04:55:12', '2022-12-10 04:55:12'),
(149, 'I4', '2022-12-10 04:55:12', '2022-12-10 04:55:12'),
(150, 'I5', '2022-12-10 04:55:12', '2022-12-10 04:55:12'),
(151, 'I6', '2022-12-10 04:55:12', '2022-12-10 04:55:12'),
(152, 'I7', '2022-12-10 04:55:12', '2022-12-10 04:55:12'),
(153, 'I8', '2022-12-10 04:55:12', '2022-12-10 04:55:12'),
(154, 'I9', '2022-12-10 04:55:12', '2022-12-10 04:55:12'),
(155, 'I10', '2022-12-10 04:55:12', '2022-12-10 04:55:12'),
(156, 'I11', '2022-12-10 04:55:12', '2022-12-10 04:55:12'),
(157, 'I12', '2022-12-10 04:55:12', '2022-12-10 04:55:12'),
(158, 'I13', '2022-12-10 04:55:12', '2022-12-10 04:55:12'),
(159, 'I14', '2022-12-10 04:55:12', '2022-12-10 04:55:12'),
(160, 'I15', '2022-12-10 04:55:12', '2022-12-10 04:55:12'),
(161, 'I16', '2022-12-10 04:55:12', '2022-12-10 04:55:12'),
(162, 'I17', '2022-12-10 04:55:12', '2022-12-10 04:55:12'),
(163, 'I18', '2022-12-10 04:55:12', '2022-12-10 04:55:12'),
(164, 'J1', '2022-12-10 04:55:45', '2022-12-10 04:55:45'),
(165, 'J2', '2022-12-10 04:55:45', '2022-12-10 04:55:45'),
(166, 'J3', '2022-12-10 04:55:45', '2022-12-10 04:55:45'),
(167, 'J4', '2022-12-10 04:55:45', '2022-12-10 04:55:45'),
(168, 'J5', '2022-12-10 04:55:45', '2022-12-10 04:55:45'),
(169, 'J6', '2022-12-10 04:55:45', '2022-12-10 04:55:45'),
(170, 'J7', '2022-12-10 04:55:45', '2022-12-10 04:55:45'),
(171, 'J8', '2022-12-10 04:55:45', '2022-12-10 04:55:45'),
(172, 'J9', '2022-12-10 04:55:45', '2022-12-10 04:55:45'),
(173, 'J10', '2022-12-10 04:55:45', '2022-12-10 04:55:45'),
(174, 'J11', '2022-12-10 04:55:45', '2022-12-10 04:55:45'),
(175, 'J12', '2022-12-10 04:55:45', '2022-12-10 04:55:45'),
(176, 'J13', '2022-12-10 04:55:45', '2022-12-10 04:55:45'),
(177, 'J14', '2022-12-10 04:55:45', '2022-12-10 04:55:45'),
(178, 'J15', '2022-12-10 04:55:45', '2022-12-10 04:55:45'),
(179, 'J16', '2022-12-10 04:55:45', '2022-12-10 04:55:45'),
(180, 'J17', '2022-12-10 04:55:45', '2022-12-10 04:55:45'),
(181, 'J18', '2022-12-10 04:55:45', '2022-12-10 04:55:45'),
(182, 'K1', '2022-12-10 04:56:06', '2022-12-10 04:56:06'),
(183, 'K2', '2022-12-10 04:56:06', '2022-12-10 04:56:06'),
(184, 'K3', '2022-12-10 04:56:06', '2022-12-10 04:56:06'),
(185, 'K4', '2022-12-10 04:56:06', '2022-12-10 04:56:06'),
(186, 'K5', '2022-12-10 04:56:06', '2022-12-10 04:56:06'),
(187, 'K6', '2022-12-10 04:56:06', '2022-12-10 04:56:06'),
(188, 'K7', '2022-12-10 04:56:06', '2022-12-10 04:56:06'),
(189, 'K8', '2022-12-10 04:56:06', '2022-12-10 04:56:06'),
(190, 'K9', '2022-12-10 04:56:06', '2022-12-10 04:56:06'),
(191, 'K10', '2022-12-10 04:56:06', '2022-12-10 04:56:06'),
(192, 'K11', '2022-12-10 04:56:06', '2022-12-10 04:56:06'),
(193, 'K12', '2022-12-10 04:56:06', '2022-12-10 04:56:06'),
(194, 'K13', '2022-12-10 04:56:06', '2022-12-10 04:56:06'),
(195, 'K14', '2022-12-10 04:56:06', '2022-12-10 04:56:06'),
(196, 'K15', '2022-12-10 04:56:06', '2022-12-10 04:56:06'),
(197, 'K16', '2022-12-10 04:56:06', '2022-12-10 04:56:06'),
(198, 'K17', '2022-12-10 04:56:06', '2022-12-10 04:56:06'),
(199, 'K18', '2022-12-10 04:56:06', '2022-12-10 04:56:06'),
(200, 'L1', '2022-12-10 04:56:24', '2022-12-10 04:56:24'),
(201, 'L2', '2022-12-10 04:56:24', '2022-12-10 04:56:24'),
(202, 'L3', '2022-12-10 04:56:24', '2022-12-10 04:56:24'),
(203, 'L4', '2022-12-10 04:56:24', '2022-12-10 04:56:24'),
(204, 'L5', '2022-12-10 04:56:24', '2022-12-10 04:56:24'),
(205, 'L6', '2022-12-10 04:56:24', '2022-12-10 04:56:24'),
(206, 'L7', '2022-12-10 04:56:24', '2022-12-10 04:56:24'),
(207, 'L8', '2022-12-10 04:56:24', '2022-12-10 04:56:24'),
(208, 'L9', '2022-12-10 04:56:24', '2022-12-10 04:56:24'),
(209, 'L10', '2022-12-10 04:56:24', '2022-12-10 04:56:24'),
(210, 'L11', '2022-12-10 04:56:24', '2022-12-10 04:56:24'),
(211, 'L12', '2022-12-10 04:56:24', '2022-12-10 04:56:24'),
(212, 'L13', '2022-12-10 04:56:24', '2022-12-10 04:56:24'),
(213, 'L14', '2022-12-10 04:56:24', '2022-12-10 04:56:24'),
(214, 'L15', '2022-12-10 04:56:24', '2022-12-10 04:56:24'),
(215, 'L16', '2022-12-10 04:56:24', '2022-12-10 04:56:24'),
(216, 'L17', '2022-12-10 04:56:24', '2022-12-10 04:56:24'),
(217, 'L18', '2022-12-10 04:56:24', '2022-12-10 04:56:24'),
(218, 'M1', '2022-12-10 04:56:42', '2022-12-10 04:56:42'),
(219, 'M2', '2022-12-10 04:56:42', '2022-12-10 04:56:42'),
(220, 'M3', '2022-12-10 04:56:42', '2022-12-10 04:56:42'),
(221, 'M4', '2022-12-10 04:56:42', '2022-12-10 04:56:42'),
(222, 'M5', '2022-12-10 04:56:42', '2022-12-10 04:56:42'),
(223, 'M6', '2022-12-10 04:56:42', '2022-12-10 04:56:42'),
(224, 'M7', '2022-12-10 04:56:42', '2022-12-10 04:56:42'),
(225, 'M8', '2022-12-10 04:56:42', '2022-12-10 04:56:42'),
(226, 'M9', '2022-12-10 04:56:42', '2022-12-10 04:56:42'),
(227, 'M10', '2022-12-10 04:56:42', '2022-12-10 04:56:42'),
(228, 'M11', '2022-12-10 04:56:42', '2022-12-10 04:56:42'),
(229, 'M12', '2022-12-10 04:56:42', '2022-12-10 04:56:42'),
(230, 'M13', '2022-12-10 04:56:42', '2022-12-10 04:56:42'),
(231, 'M14', '2022-12-10 04:56:42', '2022-12-10 04:56:42'),
(232, 'M15', '2022-12-10 04:56:42', '2022-12-10 04:56:42'),
(233, 'M16', '2022-12-10 04:56:42', '2022-12-10 04:56:42'),
(234, 'M17', '2022-12-10 04:56:42', '2022-12-10 04:56:42'),
(235, 'M18', '2022-12-10 04:56:42', '2022-12-10 04:56:42'),
(236, 'N1', '2022-12-10 04:56:59', '2022-12-10 04:56:59'),
(237, 'N2', '2022-12-10 04:56:59', '2022-12-10 04:56:59'),
(238, 'N3', '2022-12-10 04:56:59', '2022-12-10 04:56:59'),
(239, 'N4', '2022-12-10 04:56:59', '2022-12-10 04:56:59'),
(240, 'N5', '2022-12-10 04:56:59', '2022-12-10 04:56:59'),
(241, 'N6', '2022-12-10 04:56:59', '2022-12-10 04:56:59'),
(242, 'N7', '2022-12-10 04:56:59', '2022-12-10 04:56:59'),
(243, 'N8', '2022-12-10 04:56:59', '2022-12-10 04:56:59'),
(244, 'N9', '2022-12-10 04:56:59', '2022-12-10 04:56:59'),
(245, 'N10', '2022-12-10 04:56:59', '2022-12-10 04:56:59'),
(246, 'N11', '2022-12-10 04:56:59', '2022-12-10 04:56:59'),
(247, 'N12', '2022-12-10 04:56:59', '2022-12-10 04:56:59'),
(248, 'N13', '2022-12-10 04:56:59', '2022-12-10 04:56:59'),
(249, 'N14', '2022-12-10 04:56:59', '2022-12-10 04:56:59'),
(250, 'N15', '2022-12-10 04:56:59', '2022-12-10 04:56:59'),
(251, 'N16', '2022-12-10 04:56:59', '2022-12-10 04:56:59'),
(252, 'N17', '2022-12-10 04:56:59', '2022-12-10 04:56:59'),
(253, 'N18', '2022-12-10 04:56:59', '2022-12-10 04:56:59'),
(254, 'O1', '2022-12-10 04:57:17', '2022-12-10 04:57:17'),
(255, 'O2', '2022-12-10 04:57:17', '2022-12-10 04:57:17'),
(256, 'O3', '2022-12-10 04:57:17', '2022-12-10 04:57:17'),
(257, 'O4', '2022-12-10 04:57:17', '2022-12-10 04:57:17'),
(258, 'O5', '2022-12-10 04:57:17', '2022-12-10 04:57:17'),
(259, 'O6', '2022-12-10 04:57:17', '2022-12-10 04:57:17'),
(260, 'O7', '2022-12-10 04:57:17', '2022-12-10 04:57:17'),
(261, 'O8', '2022-12-10 04:57:17', '2022-12-10 04:57:17'),
(262, 'O9', '2022-12-10 04:57:17', '2022-12-10 04:57:17'),
(263, 'O10', '2022-12-10 04:57:17', '2022-12-10 04:57:17'),
(264, 'O11', '2022-12-10 04:57:17', '2022-12-10 04:57:17'),
(265, 'O12', '2022-12-10 04:57:17', '2022-12-10 04:57:17'),
(266, 'O13', '2022-12-10 04:57:17', '2022-12-10 04:57:17'),
(267, 'O14', '2022-12-10 04:57:17', '2022-12-10 04:57:17'),
(268, 'O15', '2022-12-10 04:57:17', '2022-12-10 04:57:17'),
(269, 'O16', '2022-12-10 04:57:17', '2022-12-10 04:57:17'),
(270, 'O17', '2022-12-10 04:57:17', '2022-12-10 04:57:17'),
(271, 'O18', '2022-12-10 04:57:17', '2022-12-10 04:57:17'),
(272, 'P1', '2022-12-10 04:57:32', '2022-12-10 04:57:32'),
(273, 'P2', '2022-12-10 04:57:32', '2022-12-10 04:57:32'),
(274, 'P3', '2022-12-10 04:57:32', '2022-12-10 04:57:32'),
(275, 'P4', '2022-12-10 04:57:32', '2022-12-10 04:57:32'),
(276, 'P5', '2022-12-10 04:57:32', '2022-12-10 04:57:32'),
(277, 'P6', '2022-12-10 04:57:32', '2022-12-10 04:57:32'),
(278, 'P7', '2022-12-10 04:57:32', '2022-12-10 04:57:32'),
(279, 'P8', '2022-12-10 04:57:32', '2022-12-10 04:57:32'),
(280, 'P9', '2022-12-10 04:57:32', '2022-12-10 04:57:32'),
(281, 'P10', '2022-12-10 04:57:32', '2022-12-10 04:57:32'),
(282, 'P11', '2022-12-10 04:57:32', '2022-12-10 04:57:32'),
(283, 'P12', '2022-12-10 04:57:32', '2022-12-10 04:57:32'),
(284, 'P13', '2022-12-10 04:57:32', '2022-12-10 04:57:32'),
(285, 'P14', '2022-12-10 04:57:32', '2022-12-10 04:57:32'),
(286, 'P15', '2022-12-10 04:57:32', '2022-12-10 04:57:32'),
(287, 'P16', '2022-12-10 04:57:32', '2022-12-10 04:57:32'),
(288, 'P17', '2022-12-10 04:57:32', '2022-12-10 04:57:32'),
(289, 'P18', '2022-12-10 04:57:32', '2022-12-10 04:57:32'),
(290, 'Q1', '2022-12-10 04:57:49', '2022-12-10 04:57:49'),
(291, 'Q2', '2022-12-10 04:57:49', '2022-12-10 04:57:49'),
(292, 'Q3', '2022-12-10 04:57:50', '2022-12-10 04:57:50'),
(293, 'Q4', '2022-12-10 04:57:50', '2022-12-10 04:57:50'),
(294, 'Q5', '2022-12-10 04:57:50', '2022-12-10 04:57:50'),
(295, 'Q6', '2022-12-10 04:57:50', '2022-12-10 04:57:50'),
(296, 'Q7', '2022-12-10 04:57:50', '2022-12-10 04:57:50'),
(297, 'Q8', '2022-12-10 04:57:50', '2022-12-10 04:57:50'),
(298, 'Q9', '2022-12-10 04:57:50', '2022-12-10 04:57:50'),
(299, 'Q10', '2022-12-10 04:57:50', '2022-12-10 04:57:50'),
(300, 'Q11', '2022-12-10 04:57:50', '2022-12-10 04:57:50'),
(301, 'Q12', '2022-12-10 04:57:50', '2022-12-10 04:57:50'),
(302, 'Q13', '2022-12-10 04:57:50', '2022-12-10 04:57:50'),
(303, 'Q14', '2022-12-10 04:57:50', '2022-12-10 04:57:50'),
(304, 'Q15', '2022-12-10 04:57:50', '2022-12-10 04:57:50'),
(305, 'Q16', '2022-12-10 04:57:50', '2022-12-10 04:57:50'),
(306, 'Q17', '2022-12-10 04:57:50', '2022-12-10 04:57:50'),
(307, 'Q18', '2022-12-10 04:57:50', '2022-12-10 04:57:50'),
(308, 'R1', '2022-12-10 04:58:05', '2022-12-10 04:58:05'),
(309, 'R2', '2022-12-10 04:58:05', '2022-12-10 04:58:05'),
(310, 'R3', '2022-12-10 04:58:05', '2022-12-10 04:58:05'),
(311, 'R4', '2022-12-10 04:58:05', '2022-12-10 04:58:05'),
(312, 'R5', '2022-12-10 04:58:05', '2022-12-10 04:58:05'),
(313, 'R6', '2022-12-10 04:58:05', '2022-12-10 04:58:05'),
(314, 'R7', '2022-12-10 04:58:05', '2022-12-10 04:58:05'),
(315, 'R8', '2022-12-10 04:58:05', '2022-12-10 04:58:05'),
(316, 'R9', '2022-12-10 04:58:05', '2022-12-10 04:58:05'),
(317, 'R10', '2022-12-10 04:58:05', '2022-12-10 04:58:05'),
(318, 'R11', '2022-12-10 04:58:05', '2022-12-10 04:58:05'),
(319, 'R12', '2022-12-10 04:58:05', '2022-12-10 04:58:05'),
(320, 'R13', '2022-12-10 04:58:05', '2022-12-10 04:58:05'),
(321, 'R14', '2022-12-10 04:58:05', '2022-12-10 04:58:05'),
(322, 'R15', '2022-12-10 04:58:05', '2022-12-10 04:58:05'),
(323, 'R16', '2022-12-10 04:58:05', '2022-12-10 04:58:05'),
(324, 'R17', '2022-12-10 04:58:05', '2022-12-10 04:58:05'),
(325, 'R18', '2022-12-10 04:58:05', '2022-12-10 04:58:05');

-- --------------------------------------------------------

--
-- 테이블 구조 `theaters`
--

CREATE TABLE `theaters` (
  `id` bigint(20) UNSIGNED NOT NULL,
  `location` varchar(20) COLLATE utf8mb4_unicode_ci NOT NULL,
  `created_at` timestamp NULL DEFAULT NULL,
  `updated_at` timestamp NULL DEFAULT NULL
) ENGINE=InnoDB DEFAULT CHARSET=utf8mb4 COLLATE=utf8mb4_unicode_ci;

--
-- 테이블의 덤프 데이터 `theaters`
--

INSERT INTO `theaters` (`id`, `location`, `created_at`, `updated_at`) VALUES
(1, '동대문점', '2022-11-30 08:50:56', '2022-11-30 08:55:57'),
(2, '남대문점', '2022-12-10 05:04:45', '2022-12-10 05:04:48');

-- --------------------------------------------------------

--
-- 테이블 구조 `users`
--

CREATE TABLE `users` (
  `id` bigint(20) UNSIGNED NOT NULL,
  `name` varchar(255) COLLATE utf8mb4_unicode_ci NOT NULL,
  `email` varchar(255) COLLATE utf8mb4_unicode_ci NOT NULL,
  `email_verified_at` timestamp NULL DEFAULT NULL,
  `password` varchar(255) COLLATE utf8mb4_unicode_ci NOT NULL,
  `remember_token` varchar(100) COLLATE utf8mb4_unicode_ci DEFAULT NULL,
  `created_at` timestamp NULL DEFAULT NULL,
  `updated_at` timestamp NULL DEFAULT NULL
) ENGINE=InnoDB DEFAULT CHARSET=utf8mb4 COLLATE=utf8mb4_unicode_ci;

--
-- 덤프된 테이블의 인덱스
--

--
-- 테이블의 인덱스 `drinks`
--
ALTER TABLE `drinks`
  ADD PRIMARY KEY (`id`);

--
-- 테이블의 인덱스 `failed_jobs`
--
ALTER TABLE `failed_jobs`
  ADD PRIMARY KEY (`id`),
  ADD UNIQUE KEY `failed_jobs_uuid_unique` (`uuid`);

--
-- 테이블의 인덱스 `food`
--
ALTER TABLE `food`
  ADD PRIMARY KEY (`id`);

--
-- 테이블의 인덱스 `jangbuis`
--
ALTER TABLE `jangbuis`
  ADD PRIMARY KEY (`id`);

--
-- 테이블의 인덱스 `members`
--
ALTER TABLE `members`
  ADD PRIMARY KEY (`id`);

--
-- 테이블의 인덱스 `migrations`
--
ALTER TABLE `migrations`
  ADD PRIMARY KEY (`id`);

--
-- 테이블의 인덱스 `movies`
--
ALTER TABLE `movies`
  ADD PRIMARY KEY (`id`);

--
-- 테이블의 인덱스 `password_resets`
--
ALTER TABLE `password_resets`
  ADD KEY `password_resets_email_index` (`email`);

--
-- 테이블의 인덱스 `personal_access_tokens`
--
ALTER TABLE `personal_access_tokens`
  ADD PRIMARY KEY (`id`),
  ADD UNIQUE KEY `personal_access_tokens_token_unique` (`token`),
  ADD KEY `personal_access_tokens_tokenable_type_tokenable_id_index` (`tokenable_type`,`tokenable_id`);

--
-- 테이블의 인덱스 `playings`
--
ALTER TABLE `playings`
  ADD PRIMARY KEY (`id`);

--
-- 테이블의 인덱스 `playing_times`
--
ALTER TABLE `playing_times`
  ADD PRIMARY KEY (`id`);

--
-- 테이블의 인덱스 `reserveds`
--
ALTER TABLE `reserveds`
  ADD PRIMARY KEY (`id`);

--
-- 테이블의 인덱스 `rooms`
--
ALTER TABLE `rooms`
  ADD PRIMARY KEY (`id`);

--
-- 테이블의 인덱스 `theaters`
--
ALTER TABLE `theaters`
  ADD PRIMARY KEY (`id`);

--
-- 테이블의 인덱스 `users`
--
ALTER TABLE `users`
  ADD PRIMARY KEY (`id`),
  ADD UNIQUE KEY `users_email_unique` (`email`);

--
-- 덤프된 테이블의 AUTO_INCREMENT
--

--
-- 테이블의 AUTO_INCREMENT `drinks`
--
ALTER TABLE `drinks`
  MODIFY `id` bigint(20) UNSIGNED NOT NULL AUTO_INCREMENT, AUTO_INCREMENT=2;

--
-- 테이블의 AUTO_INCREMENT `failed_jobs`
--
ALTER TABLE `failed_jobs`
  MODIFY `id` bigint(20) UNSIGNED NOT NULL AUTO_INCREMENT;

--
-- 테이블의 AUTO_INCREMENT `food`
--
ALTER TABLE `food`
  MODIFY `id` bigint(20) UNSIGNED NOT NULL AUTO_INCREMENT, AUTO_INCREMENT=17;

--
-- 테이블의 AUTO_INCREMENT `jangbuis`
--
ALTER TABLE `jangbuis`
  MODIFY `id` bigint(20) UNSIGNED NOT NULL AUTO_INCREMENT, AUTO_INCREMENT=24;

--
-- 테이블의 AUTO_INCREMENT `members`
--
ALTER TABLE `members`
  MODIFY `id` bigint(20) UNSIGNED NOT NULL AUTO_INCREMENT, AUTO_INCREMENT=15;

--
-- 테이블의 AUTO_INCREMENT `migrations`
--
ALTER TABLE `migrations`
  MODIFY `id` int(10) UNSIGNED NOT NULL AUTO_INCREMENT, AUTO_INCREMENT=22;

--
-- 테이블의 AUTO_INCREMENT `movies`
--
ALTER TABLE `movies`
  MODIFY `id` bigint(20) UNSIGNED NOT NULL AUTO_INCREMENT, AUTO_INCREMENT=18;

--
-- 테이블의 AUTO_INCREMENT `personal_access_tokens`
--
ALTER TABLE `personal_access_tokens`
  MODIFY `id` bigint(20) UNSIGNED NOT NULL AUTO_INCREMENT;

--
-- 테이블의 AUTO_INCREMENT `playings`
--
ALTER TABLE `playings`
  MODIFY `id` bigint(20) UNSIGNED NOT NULL AUTO_INCREMENT, AUTO_INCREMENT=3;

--
-- 테이블의 AUTO_INCREMENT `playing_times`
--
ALTER TABLE `playing_times`
  MODIFY `id` bigint(20) UNSIGNED NOT NULL AUTO_INCREMENT, AUTO_INCREMENT=4;

--
-- 테이블의 AUTO_INCREMENT `reserveds`
--
ALTER TABLE `reserveds`
  MODIFY `id` bigint(20) UNSIGNED NOT NULL AUTO_INCREMENT, AUTO_INCREMENT=41;

--
-- 테이블의 AUTO_INCREMENT `rooms`
--
ALTER TABLE `rooms`
  MODIFY `id` bigint(20) UNSIGNED NOT NULL AUTO_INCREMENT, AUTO_INCREMENT=326;

--
-- 테이블의 AUTO_INCREMENT `theaters`
--
ALTER TABLE `theaters`
  MODIFY `id` bigint(20) UNSIGNED NOT NULL AUTO_INCREMENT, AUTO_INCREMENT=3;

--
-- 테이블의 AUTO_INCREMENT `users`
--
ALTER TABLE `users`
  MODIFY `id` bigint(20) UNSIGNED NOT NULL AUTO_INCREMENT;
COMMIT;

/*!40101 SET CHARACTER_SET_CLIENT=@OLD_CHARACTER_SET_CLIENT */;
/*!40101 SET CHARACTER_SET_RESULTS=@OLD_CHARACTER_SET_RESULTS */;
/*!40101 SET COLLATION_CONNECTION=@OLD_COLLATION_CONNECTION */;
